area,item,amount [t],absolute_losses [t],relative_losses,al/capita [kg]
Kenya,Poultry Birds,95859682.33408187,-46977686.15419685,-0.961042711539841,-912.8933838649992
Ethiopia,Sesame seed,142472441.91815844,-142212441.91815844,-1.0,-1229.8033448257002
Israel,Poultry Birds,536880157.8406751,-14874419.179871798,-0.028494742640247317,-1712.5390825166128
French Polynesia,Sesame seed,525231.7501187411,-525231.7501187411,-1.0,-1746.4529401238972
