area,item,amount [t],absolute_losses [t],relative_losses,population,al/capita [kg]
Botswana,Sesame seed,329019.61707096256,-329019.61707096256,-1.0,2523541.0,-130.38013532213765
Chile,Sesame seed,2972035.5130429585,-2971208.65280754,-1.0,19206688.0,-154.69656469702323
Republic of Korea,Poultry Birds,1030712773.4789532,-8833206.969653845,-0.008644078283928991,51858128.0,-170.33408860523937
Kenya,Sorghum and products,12107961.668506049,-11825582.245414266,-1.0,51460211.0,-229.8005005345638
Israel,Sesame seed,2956563.149654203,-2896130.287482618,-1.0,8685594.0,-333.4406705497192
Kenya,Poultry Birds,95859682.33408187,-46977686.15419685,-0.961042711539841,51460211.0,-912.8933838649992
Ethiopia,Sesame seed,142472441.91815844,-142212441.91815844,-1.0,115638360.0,-1229.8033448257002
Israel,Poultry Birds,536880157.8406751,-14874419.179871798,-0.028494742640247317,8685594.0,-1712.5390825166128
French Polynesia,Sesame seed,525231.7501187411,-525231.7501187411,-1.0,300742.0,-1746.4529401238972
