area,item,amount [t],absolute_losses [t],relative_losses,population,al/capita [kg]
Zimbabwe,Poultry Birds,64280389.962613866,-944040.1650849581,-0.014905187433485345,15505226.0,-60.885288939674794
