area,item,amount [t],absolute_losses [t],relative_losses,population,al/capita [kg]
Guinea-Bissau,Poultry Birds,2786992.7432173803,610104.0092231552,0.17959571177501654,1993303.0,306.0769031216806
Senegal,Poultry Birds,79906630.12944919,4249853.360530123,0.05049941708931027,16215467.0,262.08639939448693
Pakistan,Poultry Birds,1371968014.3116827,28115850.335980892,0.02008154728863787,225112860.0,124.89668664855883
Mauritius,Poultry Birds,47259703.71921233,160983.50181081146,0.00339479478777871,1296960.0,124.12372148008532
