area,item,amount [t],absolute_losses [t],relative_losses,population,al/capita [kg]
Guinea-Bissau,Poultry Birds,2786992.7432173803,610104.0092231552,0.17959571177501654,1993303.0,306.0769031216806
Senegal,Poultry Birds,79906630.12944919,4249853.360530123,0.05049941708931027,16215467.0,262.08639939448693
Pakistan,Poultry Birds,1371968014.3116827,28115850.335980892,0.02008154728863787,225112860.0,124.89668664855883
Mauritius,Poultry Birds,47259703.71921233,160983.50181081146,0.00339479478777871,1296960.0,124.12372148008532
Guinea-Bissau,Rice and products,214669.0958908453,178457.0504325464,0.4539434787065647,1993303.0,89.52831076486937
United Arab Emirates,Poultry Birds,41757688.37520784,467160.9747596383,0.011063650479548715,9247550.0,50.51726941294054
Belgium,Poultry Birds,336258641.9341117,577860.9381012917,0.0017155531932372403,11541273.0,50.069081469721034
