area,item,amount [t],absolute_losses [t],relative_losses,population,al/capita [kg]
Uzbekistan,Poultry Birds,54692899.32197145,386741.39033517987,0.007021494427591035,33243463.0,11.633607194749231
