scenario,time_step,total_prod,cap,scaling
ALL,0,114500134365.81,inf,1.0
ALL,1,114597260734.07974,inf,1.0
ALL,2,115254797538.30428,inf,1.0
ALL,3,114072669110.94359,inf,1.0
ALL,4,114563261527.84502,inf,1.0
ALL,5,185103042754.7268,inf,1.0
ALL,6,3229277627126.8135,inf,1.0
ALL,7,132411345939057.84,inf,1.0
ALL,8,5612893127815027.0,inf,1.0
ALL,9,2.381207523428699e+17,inf,1.0
